{
  "gizmos-infos": {
    "is2D": false,
    "is3DIcon": false,
    "iconSize": 2,
    "gridVisible": true,
    "gridColor": [
      150,
      150,
      150,
      255
    ],
    "isIconGizmo3D": false,
    "iconGizmoSize": 2,
    "isGridVisible": true
  },
  "camera-infos": {
    "f46876e4-e81b-4931-b493-6d367be385e7": {
      "position": {
        "x": 17.320508075688778,
        "y": 17.32050807568877,
        "z": 17.320508075688764
      },
      "rotation": {
        "x": -0.27984814233312133,
        "y": 0.3647051996310009,
        "z": 0.11591689595929514,
        "w": 0.8804762392171493
      },
      "viewCenter": {
        "x": 0,
        "y": 0,
        "z": 0
      }
    },
    "7713d153-7591-48ff-984c-30b65a0c8c0b": {
      "position": {
        "x": 477.82413895247896,
        "y": 993.5813403669817,
        "z": 889.5101947395273
      },
      "rotation": {
        "x": -0.318419208977212,
        "y": -0.0011594036307851353,
        "z": -0.0003894474551744602,
        "w": 0.9479492135140724
      },
      "viewCenter": {
        "x": 480,
        "y": 320,
        "z": 0
      }
    },
    "73c8d631-2fe4-4b5d-a1da-3768414cb225": {
      "position": {
        "x": 50,
        "y": 50,
        "z": 50
      },
      "rotation": {
        "x": -0.27984814233312133,
        "y": 0.3647051996310009,
        "z": 0.11591689595929514,
        "w": 0.8804762392171493
      },
      "viewCenter": {
        "x": 0,
        "y": 0,
        "z": 0
      }
    }
  },
  "camera-uuids": [
    "7713d153-7591-48ff-984c-30b65a0c8c0b"
  ],
  "float-window": {
    "position": {
      "cc": {
        "ParticleSystem": {
          "dock": false,
          "top": null,
          "bottom": 10,
          "left": null,
          "right": 10
        },
        "Camera": {
          "dock": false,
          "top": null,
          "bottom": 10,
          "left": null,
          "right": 10
        }
      }
    }
  }
}
